{"stats":{"minecraft:mined":{"minecraft:grass":1,"minecraft:coal_ore":30,"minecraft:oak_log":5,"minecraft:birch_log":1,"minecraft:stone":25,"minecraft:oak_leaves":1},"minecraft:picked_up":{"minecraft:birch_log":1,"minecraft:porkchop":4,"minecraft:oak_log":5,"minecraft:coal":29,"minecraft:cobblestone":25},"minecraft:used":{"minecraft:stone_sword":6,"minecraft:crafting_table":1,"minecraft:furnace":1,"minecraft:stone_pickaxe":36,"minecraft:wooden_pickaxe":19},"minecraft:custom":{"minecraft:time_since_rest":5440,"minecraft:interact_with_furnace":2,"minecraft:play_time":5440,"minecraft:sprint_one_cm":6713,"minecraft:damage_taken":20,"minecraft:walk_one_cm":15053,"minecraft:walk_under_water_one_cm":102,"minecraft:mob_kills":2,"minecraft:jump":59,"minecraft:damage_dealt":200,"minecraft:time_since_death":5440,"minecraft:walk_on_water_one_cm":750,"minecraft:total_world_time":5440,"minecraft:swim_one_cm":3041,"minecraft:interact_with_crafting_table":7,"minecraft:fall_one_cm":1507,"minecraft:fly_one_cm":9320},"minecraft:killed":{"minecraft:pig":2},"minecraft:crafted":{"minecraft:stone_sword":1,"minecraft:furnace":1,"minecraft:oak_planks":20,"minecraft:birch_planks":4,"minecraft:crafting_table":1,"minecraft:stick":8,"minecraft:wooden_pickaxe":1,"minecraft:stone_pickaxe":1}},"DataVersion":3465}