{"stats":{"minecraft:mined":{"minecraft:furnace":1,"minecraft:birch_log":1,"minecraft:spruce_log":27,"minecraft:birch_leaves":1,"minecraft:powder_snow":18,"minecraft:crafting_table":1,"minecraft:grass":3,"minecraft:grass_block":1,"minecraft:oak_log":5,"minecraft:coal_ore":66,"minecraft:dirt":3,"minecraft:packed_ice":7,"minecraft:cobblestone":1,"minecraft:spruce_leaves":58,"minecraft:stone":35,"minecraft:oak_leaves":37},"minecraft:broken":{"minecraft:stone_sword":1},"minecraft:picked_up":{"minecraft:birch_log":1,"minecraft:crafting_table":1,"minecraft:feather":4,"minecraft:chicken":3,"minecraft:cooked_porkchop":5,"minecraft:torch":3,"minecraft:porkchop":9,"minecraft:spruce_sapling":4,"minecraft:oak_log":5,"minecraft:spruce_log":27,"minecraft:dirt":3,"minecraft:bone":3,"minecraft:arrow":4,"minecraft:apple":1,"minecraft:wheat_seeds":1,"minecraft:oak_sapling":2,"minecraft:mutton":3,"minecraft:coal":110,"minecraft:white_wool":2,"minecraft:egg":4,"minecraft:cobblestone":36,"minecraft:furnace":1},"minecraft:used":{"minecraft:stone_sword":89,"minecraft:stone_pickaxe":84,"minecraft:oak_planks":11,"minecraft:spruce_planks":18,"minecraft:wooden_pickaxe":19,"minecraft:wooden_shovel":2,"minecraft:stone_axe":76,"minecraft:torch":6,"minecraft:cobblestone":9,"minecraft:crafting_table":2,"minecraft:furnace":1,"minecraft:cooked_porkchop":7},"minecraft:custom":{"minecraft:time_since_rest":29440,"minecraft:interact_with_furnace":3,"minecraft:sprint_one_cm":57479,"minecraft:damage_taken":445,"minecraft:walk_one_cm":73368,"minecraft:mob_kills":14,"minecraft:damage_dealt":1548,"minecraft:swim_one_cm":26181,"minecraft:interact_with_crafting_table":9,"minecraft:fly_one_cm":119750,"minecraft:open_chest":8,"minecraft:crouch_one_cm":4737,"minecraft:play_time":29440,"minecraft:sneak_time":1534,"minecraft:walk_under_water_one_cm":14646,"minecraft:jump":628,"minecraft:walk_on_water_one_cm":9553,"minecraft:time_since_death":29440,"minecraft:total_world_time":29440,"minecraft:fall_one_cm":17769},"minecraft:killed":{"minecraft:sheep":2,"minecraft:skeleton":2,"minecraft:zombie":2,"minecraft:pig":5,"minecraft:chicken":3},"minecraft:crafted":{"minecraft:oak_planks":20,"minecraft:wooden_shovel":1,"minecraft:cooked_porkchop":4,"minecraft:crafting_table":1,"minecraft:spruce_planks":108,"minecraft:stick":16,"minecraft:wooden_pickaxe":1,"minecraft:stone_pickaxe":2,"minecraft:stone_sword":1,"minecraft:furnace":2,"minecraft:torch":12,"minecraft:birch_planks":4,"minecraft:stone_axe":1,"minecraft:air":0}},"DataVersion":3465}