{"stats":{"minecraft:mined":{"minecraft:furnace":1,"minecraft:birch_log":1,"minecraft:spruce_log":27,"minecraft:powder_snow":18,"minecraft:crafting_table":1,"minecraft:grass":2,"minecraft:oak_log":5,"minecraft:coal_ore":66,"minecraft:cobblestone":1,"minecraft:spruce_leaves":58,"minecraft:stone":35,"minecraft:oak_leaves":7},"minecraft:picked_up":{"minecraft:birch_log":1,"minecraft:crafting_table":1,"minecraft:feather":2,"minecraft:chicken":2,"minecraft:cooked_porkchop":5,"minecraft:porkchop":9,"minecraft:spruce_sapling":4,"minecraft:oak_log":5,"minecraft:spruce_log":27,"minecraft:oak_sapling":1,"minecraft:mutton":3,"minecraft:coal":110,"minecraft:white_wool":2,"minecraft:egg":4,"minecraft:cobblestone":36,"minecraft:furnace":1},"minecraft:used":{"minecraft:stone_sword":28,"minecraft:stone_pickaxe":84,"minecraft:oak_planks":11,"minecraft:spruce_planks":16,"minecraft:wooden_pickaxe":19,"minecraft:stone_axe":76,"minecraft:torch":2,"minecraft:cobblestone":9,"minecraft:crafting_table":1,"minecraft:furnace":1,"minecraft:cooked_porkchop":1},"minecraft:custom":{"minecraft:time_since_rest":17440,"minecraft:interact_with_furnace":3,"minecraft:sprint_one_cm":33401,"minecraft:damage_taken":70,"minecraft:walk_one_cm":41371,"minecraft:mob_kills":9,"minecraft:damage_dealt":740,"minecraft:swim_one_cm":9077,"minecraft:interact_with_crafting_table":8,"minecraft:fly_one_cm":47476,"minecraft:crouch_one_cm":2954,"minecraft:play_time":17440,"minecraft:sneak_time":737,"minecraft:walk_under_water_one_cm":5596,"minecraft:jump":319,"minecraft:walk_on_water_one_cm":4115,"minecraft:time_since_death":17440,"minecraft:total_world_time":17440,"minecraft:fall_one_cm":6767},"minecraft:killed":{"minecraft:sheep":2,"minecraft:pig":5,"minecraft:chicken":2},"minecraft:crafted":{"minecraft:oak_planks":20,"minecraft:cooked_porkchop":4,"minecraft:crafting_table":1,"minecraft:spruce_planks":84,"minecraft:stick":12,"minecraft:wooden_pickaxe":1,"minecraft:stone_pickaxe":2,"minecraft:stone_sword":1,"minecraft:furnace":2,"minecraft:torch":12,"minecraft:birch_planks":4,"minecraft:stone_axe":1,"minecraft:air":0}},"DataVersion":3465}