{"stats":{"minecraft:mined":{"minecraft:flowering_azalea":1,"minecraft:powder_snow":18,"minecraft:crafting_table":5,"minecraft:grass_block":2,"minecraft:dead_bush":2,"minecraft:cobblestone":1,"minecraft:spruce_leaves":58,"minecraft:large_fern":1,"minecraft:spruce_stairs":2,"minecraft:spore_blossom":1,"minecraft:furnace":1,"minecraft:birch_log":1,"minecraft:spruce_log":27,"minecraft:birch_leaves":1,"minecraft:pumpkin":7,"minecraft:grass":3,"minecraft:coal_ore":66,"minecraft:oak_log":5,"minecraft:cave_vines":3,"minecraft:flowering_azalea_leaves":1,"minecraft:dirt":35,"minecraft:packed_ice":7,"minecraft:stone":37,"minecraft:oak_leaves":37,"minecraft:spruce_slab":1,"minecraft:fern":3},"minecraft:broken":{"minecraft:stone_sword":1},"minecraft:picked_up":{"minecraft:birch_log":1,"minecraft:crafting_table":5,"minecraft:feather":4,"minecraft:chicken":3,"minecraft:oak_log":5,"minecraft:dirt":36,"minecraft:bone":3,"minecraft:apple":1,"minecraft:wheat_seeds":2,"minecraft:spore_blossom":1,"minecraft:flowering_azalea":1,"minecraft:furnace":1,"minecraft:egg":4,"minecraft:stick":2,"minecraft:cooked_porkchop":5,"minecraft:pumpkin":6,"minecraft:torch":23,"minecraft:porkchop":9,"minecraft:spruce_sapling":4,"minecraft:spruce_log":27,"minecraft:arrow":4,"minecraft:rotten_flesh":1,"minecraft:oak_sapling":2,"minecraft:glow_berries":1,"minecraft:mutton":8,"minecraft:coal":110,"minecraft:white_wool":7,"minecraft:cobblestone":38},"minecraft:used":{"minecraft:stone_sword":107,"minecraft:stone_pickaxe":86,"minecraft:oak_planks":11,"minecraft:spruce_planks":18,"minecraft:wooden_pickaxe":19,"minecraft:wooden_shovel":34,"minecraft:torch":38,"minecraft:glow_berries":2,"minecraft:dirt":3,"minecraft:crafting_table":6,"minecraft:white_bed":1,"minecraft:spruce_boat":1,"minecraft:flowering_azalea":1,"minecraft:map":1,"minecraft:spore_blossom":1,"minecraft:totem_of_undying":2,"minecraft:stone_axe":95,"minecraft:cobblestone":9,"minecraft:furnace":3,"minecraft:cooked_porkchop":9},"minecraft:custom":{"minecraft:interact_with_furnace":6,"minecraft:mob_kills":21,"minecraft:interact_with_crafting_table":13,"minecraft:leave_game":1,"minecraft:time_since_death":57692,"minecraft:time_since_rest":57692,"minecraft:sprint_one_cm":82852,"minecraft:damage_taken":1390,"minecraft:walk_one_cm":112580,"minecraft:drop":3,"minecraft:damage_dealt":2334,"minecraft:swim_one_cm":34128,"minecraft:fly_one_cm":404938,"minecraft:open_chest":10,"minecraft:crouch_one_cm":4821,"minecraft:play_time":57692,"minecraft:sneak_time":2173,"minecraft:walk_under_water_one_cm":20872,"minecraft:boat_one_cm":285300,"minecraft:jump":1022,"minecraft:walk_on_water_one_cm":19346,"minecraft:total_world_time":57692,"minecraft:fall_one_cm":32080},"minecraft:killed":{"minecraft:pig":5,"minecraft:sheep":7,"minecraft:skeleton":2,"minecraft:zombie":4,"minecraft:chicken":3},"minecraft:crafted":{"minecraft:oak_planks":20,"minecraft:wooden_shovel":1,"minecraft:cooked_porkchop":4,"minecraft:crafting_table":1,"minecraft:spruce_planks":108,"minecraft:wooden_pickaxe":1,"minecraft:furnace":2,"minecraft:birch_planks":4,"minecraft:stone_axe":1,"minecraft:air":0,"minecraft:stick":16,"minecraft:stone_pickaxe":2,"minecraft:stone_sword":2,"minecraft:white_bed":1,"minecraft:spruce_boat":1,"minecraft:torch":12},"minecraft:dropped":{"minecraft:wheat_seeds":2,"minecraft:rotten_flesh":1,"minecraft:filled_map":1}},"DataVersion":3465}