{"stats":{"minecraft:mined":{"minecraft:flowering_azalea":1,"minecraft:powder_snow":18,"minecraft:crafting_table":4,"minecraft:grass_block":2,"minecraft:dead_bush":2,"minecraft:cobblestone":1,"minecraft:spruce_leaves":58,"minecraft:large_fern":1,"minecraft:spruce_stairs":2,"minecraft:spore_blossom":1,"minecraft:furnace":1,"minecraft:birch_log":1,"minecraft:spruce_log":27,"minecraft:birch_leaves":1,"minecraft:pumpkin":7,"minecraft:grass":3,"minecraft:coal_ore":66,"minecraft:oak_log":5,"minecraft:cave_vines":3,"minecraft:flowering_azalea_leaves":1,"minecraft:dirt":35,"minecraft:packed_ice":7,"minecraft:stone":37,"minecraft:oak_leaves":37,"minecraft:spruce_slab":1,"minecraft:fern":3},"minecraft:broken":{"minecraft:stone_sword":1},"minecraft:picked_up":{"minecraft:birch_log":1,"minecraft:crafting_table":4,"minecraft:feather":4,"minecraft:chicken":3,"minecraft:oak_log":5,"minecraft:dirt":36,"minecraft:bone":3,"minecraft:apple":1,"minecraft:wheat_seeds":2,"minecraft:spore_blossom":1,"minecraft:flowering_azalea":1,"minecraft:furnace":1,"minecraft:egg":4,"minecraft:stick":2,"minecraft:cooked_porkchop":5,"minecraft:pumpkin":6,"minecraft:torch":23,"minecraft:porkchop":9,"minecraft:spruce_sapling":4,"minecraft:spruce_log":27,"minecraft:arrow":4,"minecraft:oak_sapling":2,"minecraft:glow_berries":1,"minecraft:mutton":3,"minecraft:coal":110,"minecraft:white_wool":2,"minecraft:cobblestone":38},"minecraft:used":{"minecraft:stone_sword":89,"minecraft:stone_pickaxe":86,"minecraft:oak_planks":11,"minecraft:spruce_planks":18,"minecraft:wooden_pickaxe":19,"minecraft:wooden_shovel":34,"minecraft:torch":28,"minecraft:glow_berries":2,"minecraft:dirt":3,"minecraft:crafting_table":4,"minecraft:spruce_boat":1,"minecraft:flowering_azalea":1,"minecraft:map":1,"minecraft:spore_blossom":1,"minecraft:stone_axe":94,"minecraft:cobblestone":9,"minecraft:furnace":1,"minecraft:cooked_porkchop":8},"minecraft:custom":{"minecraft:interact_with_furnace":3,"minecraft:mob_kills":14,"minecraft:interact_with_crafting_table":12,"minecraft:time_since_death":41440,"minecraft:time_since_rest":41440,"minecraft:sprint_one_cm":69726,"minecraft:damage_taken":645,"minecraft:walk_one_cm":96326,"minecraft:drop":2,"minecraft:damage_dealt":1548,"minecraft:swim_one_cm":34128,"minecraft:fly_one_cm":165840,"minecraft:open_chest":9,"minecraft:crouch_one_cm":4737,"minecraft:play_time":41440,"minecraft:sneak_time":1670,"minecraft:walk_under_water_one_cm":20826,"minecraft:boat_one_cm":98955,"minecraft:jump":853,"minecraft:walk_on_water_one_cm":18648,"minecraft:total_world_time":41440,"minecraft:fall_one_cm":21879},"minecraft:killed":{"minecraft:pig":5,"minecraft:sheep":2,"minecraft:skeleton":2,"minecraft:zombie":2,"minecraft:chicken":3},"minecraft:crafted":{"minecraft:oak_planks":20,"minecraft:wooden_shovel":1,"minecraft:cooked_porkchop":4,"minecraft:crafting_table":1,"minecraft:spruce_planks":108,"minecraft:wooden_pickaxe":1,"minecraft:furnace":2,"minecraft:birch_planks":4,"minecraft:stone_axe":1,"minecraft:air":0,"minecraft:stick":16,"minecraft:stone_pickaxe":2,"minecraft:stone_sword":2,"minecraft:spruce_boat":1,"minecraft:torch":12},"minecraft:dropped":{"minecraft:wheat_seeds":2,"minecraft:filled_map":1}},"DataVersion":3465}